CustomerID,Name,Email,Age,SignupDate,Country,PurchaseAmount
1,Angela Merritt,barbaraarnold@example.com,56,2024-05-18,Grenada,9.53
2,Debra Peterson,mgarcia@example.com,45,2023-10-05,Cambodia,41.09
3,Alyssa Morgan,zlove@example.net,28,2022-01-10,Benin,47.3
4,Paula Collins,kenneth65@example.org,50,2024-05-26,Anguilla,231.45
5,Alexandra Bray,figueroajoyce@example.com,52,2024-09-18,Mexico,66.14
6,Michelle Miller,oross@example.org,48,2020-10-26,Palau,424.69
7,Matthew Bennett,jacob09@example.org,53,2023-10-31,Indonesia,27.59
8,Carol Miller,uharrison@example.net,46,2024-02-02,Saudi Arabia,21.06
9,Jennifer Haley,rebeccawilliams@example.net,52,2022-02-18,Brunei Darussalam,265.96
10,Melissa Barnett,alexandra56@example.org,48,2022-12-14,Uganda,158.25
11,Ryan Allen,laurencarpenter@example.com,19,2025-03-24,Portugal,62.65
12,Jesus Morgan,gbutler@example.com,53,2023-02-20,Palestinian Territory,224.27
13,Emily Reynolds,jessicacooley@example.net,57,2023-04-28,Taiwan,40.35
14,Melissa Walters,melissa15@example.com,24,2021-03-28,Mozambique,22.57
15,Donna Lopez,emily90@example.org,18,2024-11-07,Guam,17.14
16,Matthew Morrow,hubbardcraig@example.com,45,2023-08-11,Senegal,17.25
17,Yvonne Lowe,burnsnicole@example.org,59,2020-11-03,Bahrain,123.41
18,Justin Holmes,wnelson@example.net,63,2024-09-18,Azerbaijan,226.36
19,Sherry Moon,anna24@example.org,53,2025-07-20,Solomon Islands,108.23
20,Christina Collins,maureen46@example.com,42,2023-11-28,Tuvalu,15.52
21,Jason Elliott,juliekelly@example.org,42,2022-08-05,Micronesia,30.31
22,James Austin,bartonjennifer@example.org,69,2023-11-01,Cyprus,18.85
23,Scott Johnson,christopherjuarez@example.com,56,2025-01-28,Korea,0.47
24,Kenneth Garcia,lewistiffany@example.net,27,2020-11-04,Greece,353.96
25,Matthew Parker,michaelharrison@example.com,38,2022-04-25,Norway,51.88
26,Ashley Meyers,laura66@example.com,19,2024-06-08,Iceland,57.48
27,Gregory Wilson,flynch@example.com,49,2023-06-20,Korea,75.51
28,Maria Smith,spencestacy@example.com,41,2021-04-12,Pitcairn Islands,297.17
29,Jackie Todd,haley28@example.com,53,2024-04-26,Iran,27.95
30,Nathan Thomas,sharongriffin@example.com,33,2020-11-16,Kenya,132.3
31,Daniel Lopez,williamsrobert@example.org,67,2025-06-15,Chad,261.17
32,Dr. Alex Wong,leahzimmerman@example.com,64,2021-02-18,South Georgia and the South Sandwich Islands,215.18
33,Daniel Wilson,navarrosteven@example.net,45,2024-12-18,Seychelles,133.28
34,Jacob Haney,jennifer85@example.org,63,2024-11-28,Mali,316.64
35,Claudia Lopez,mgray@example.net,27,2023-01-29,Kenya,113.71
36,Darryl Thomas,heatherhood@example.net,57,2023-05-12,Gabon,139.35
37,Alan Martinez,torresmatthew@example.net,54,2023-09-18,Iceland,388.91
38,Tracy Duncan,romeropamela@example.org,63,2024-10-20,Paraguay,63.53
39,Todd Barton,huffchad@example.com,32,2021-02-13,Lao People's Democratic Republic,106.11
40,Michelle Kramer,jamesrobinson@example.com,33,2021-12-28,Belize,203.88
41,Deborah Green,charlesjordan@example.org,33,2024-08-11,El Salvador,32.86
42,Aaron Brewer,caldwelldonald@example.org,57,2023-09-03,Honduras,110.54
43,Christina Gomez,matthew85@example.com,65,2021-08-10,El Salvador,112.18
44,Tristan Dennis,williamsnancy@example.net,35,2025-01-10,Dominican Republic,158.7
45,Katrina Gould,gregorystewart@example.com,63,2022-01-04,Lao People's Democratic Republic,98.86
46,Jeffrey Davies,nancycarter@example.net,53,2023-09-18,Nauru,231.13
47,Tyrone Cortez,conwaychristina@example.com,50,2022-03-20,British Virgin Islands,54.0
48,Crystal Charles,angela01@example.org,46,2024-09-16,French Guiana,177.43
49,Joshua Forbes,jamesreilly@example.org,65,2021-06-29,Tunisia,48.32
50,Cynthia Rivas,jorgesantiago@example.com,27,2022-10-22,San Marino,173.14
51,Beth Gates,anthony04@example.org,32,2025-06-17,Dominican Republic,16.67
52,Erica Esparza,bcollins@example.com,60,2022-03-09,Saint Martin,158.94
53,Brenda Mason,qsanders@example.com,37,2022-04-11,Saint Barthelemy,7.31
54,Jennifer Gonzalez,adamowens@example.org,48,2024-01-09,Ghana,62.01
55,Gwendolyn Heath,richard99@example.net,21,2022-02-27,Lesotho,13.82
56,Jessica Young,smithlinda@example.org,62,2021-01-30,Morocco,53.7
57,James Williams,katherine83@example.net,60,2025-05-13,Micronesia,2.3
58,Kelly Quinn,wrighterin@example.org,19,2022-09-05,Libyan Arab Jamahiriya,35.31
59,Kathryn Long,vvelazquez@example.net,44,2024-05-04,Sierra Leone,98.83
60,Ashley Cherry,kday@example.org,56,2022-04-03,Bolivia,56.1
61,Dale King Jr.,joshua55@example.net,55,2023-11-20,Lesotho,27.99
62,Jason Cruz,joytorres@example.org,67,2022-04-11,Lesotho,468.44
63,Deborah Green,heatherwade@example.org,39,2023-10-20,Gambia,41.49
64,Kimberly Wiggins,matthew60@example.org,57,2024-02-21,Falkland Islands (Malvinas),9.78
65,Kelly Bailey,dbutler@example.com,56,2020-09-18,American Samoa,58.13
66,Chad Wilson,nathan39@example.com,64,2021-04-20,Togo,29.89
67,Joan Frederick,oliveramy@example.org,42,2023-10-19,Andorra,96.33
68,Dr. Edwin Smith,elizabethgentry@example.org,57,2023-01-14,Montserrat,48.29
69,Dennis Thomas,robertaperez@example.org,50,2023-11-17,Congo,518.06
70,Sandra Adams,melissaduffy@example.org,54,2024-05-11,Angola,195.52
71,Anthony Gallegos,martinezmarie@example.net,58,2021-11-07,Bouvet Island (Bouvetoya),241.92
72,Jason Hayes,christopher46@example.org,39,2021-09-21,British Virgin Islands,18.05
73,Sara Barron,williamolson@example.net,28,2020-09-09,Ecuador,70.22
74,Kevin Perez,mike55@example.com,23,2025-07-01,Honduras,34.54
75,Ryan Wilkinson,sjimenez@example.org,37,2023-09-24,Lesotho,173.67
76,Jacob Harris,waregabriel@example.com,19,2020-11-18,Angola,0.12
77,Jennifer Foster,williamparker@example.net,67,2025-07-09,French Guiana,66.61
78,Emily Jones,stevenssarah@example.net,18,2021-07-08,Ghana,17.84
79,Devin Davenport,dosborn@example.com,68,2021-07-18,Burundi,74.78
80,Stacie Ramos,andrew48@example.org,26,2023-12-26,China,45.39
81,Amanda Jones DDS,johnbailey@example.net,27,2021-07-06,Dominica,36.57
82,Mr. William Lawson DDS,samanthasmith@example.net,60,2024-05-22,Nauru,66.04
83,Cameron Nicholson,jessica77@example.org,66,2025-07-23,Israel,1.79
84,Danielle Kelly,carrie44@example.net,18,2023-09-12,Peru,194.75
85,Wendy Lowe,henryanthony@example.org,45,2022-10-02,New Caledonia,64.39
86,Krystal Scott,jennifer20@example.org,62,2023-11-11,Bolivia,197.73
87,David Burns,johnsonemily@example.com,52,2023-11-04,Iran,51.73
88,Paul Torres,billygardner@example.org,54,2025-03-27,Greece,132.86
89,Sean Miller,cynthia01@example.com,19,2020-12-16,Korea,228.24
90,Lori Jones,williamjordan@example.org,66,2024-08-14,Morocco,29.28
91,Susan Thompson,karina19@example.com,43,2022-09-17,Mayotte,74.83
92,Thomas Hebert,amccullough@example.net,39,2023-04-24,Oman,33.78
93,Christopher Ryan DDS,xgutierrez@example.com,33,2024-01-02,Saint Martin,61.35
94,Amber Townsend,melody17@example.com,57,2025-06-11,Martinique,5.57
95,Steven Martin,istephens@example.org,41,2023-07-12,French Guiana,72.05
96,Ronald Weber,aaron06@example.net,61,2021-02-18,Samoa,129.34
97,Mr. John Ho,jamesgreen@example.net,28,2022-05-10,Argentina,56.19
98,Kari Bailey,ryanlester@example.org,37,2021-10-30,Jamaica,41.52
99,Megan Bishop,tbruce@example.org,61,2024-08-18,Tonga,220.78
100,Lisa Morris,tolson@example.net,28,2021-12-22,Slovakia (Slovak Republic),421.72
101,Nathan Miller,zgarcia@example.org,59,2023-05-06,Cambodia,56.0
102,Leslie Williams,donaldgarcia@example.com,48,2023-05-10,Ukraine,63.67
103,Charles Davila,angelwarner@example.com,69,2024-09-21,Cuba,78.05
104,Stephen Wells,yrogers@example.com,45,2021-11-12,Wallis and Futuna,240.92
105,Diane Moore,lcruz@example.net,32,2023-12-01,Panama,77.94
106,Timothy Rodriguez,ethancooley@example.net,65,2021-03-18,Philippines,13.39
107,Derek Padilla,michael42@example.com,37,2023-12-20,Gibraltar,5.59
108,Karen Murray,nicole79@example.org,56,2025-01-06,Syrian Arab Republic,11.69
109,Robert Myers,nhorton@example.org,35,2021-07-29,Dominican Republic,262.46
110,Erika Barron,zmartin@example.org,38,2024-09-13,French Southern Territories,354.38
111,Alexandra Hall,williammills@example.org,31,2023-05-04,Azerbaijan,40.04
112,Donald Salazar,itorres@example.net,63,2022-10-18,Sweden,102.55
113,Matthew Schaefer,kathrynbrown@example.com,26,2024-03-04,Guyana,497.13
114,Ariel Mendez,kevin04@example.net,18,2024-09-13,Myanmar,10.44
115,Anthony Weaver,johnsonjoseph@example.org,33,2021-11-01,British Virgin Islands,37.53
116,Linda Leon,clarketroy@example.org,56,2023-07-21,Lebanon,192.44
117,Crystal Erickson,jason42@example.com,23,2024-06-19,Nigeria,186.9
118,Mark Walker,shelly74@example.com,50,2023-05-15,Falkland Islands (Malvinas),29.67
119,Kelly Bryan,meadowsnicole@example.net,20,2024-10-10,Paraguay,4.32
120,Elizabeth Cameron,ryan89@example.com,42,2022-08-17,Saint Martin,33.18
121,Danielle Erickson,dmassey@example.com,58,2020-12-28,Chile,93.64
122,Amy Frazier,ambervalenzuela@example.org,62,2022-07-08,Norfolk Island,67.83
123,Allison Shaw,kscott@example.net,60,2024-08-12,Latvia,70.04
124,Timothy Gomez,virginia09@example.org,52,2024-09-21,South Africa,161.22
125,Lori Brown,rreyes@example.org,66,2020-11-08,Dominica,3.81
126,Richard Moore,bturner@example.com,69,2023-04-02,Holy See (Vatican City State),42.15
127,Keith Lee,tylerjeremy@example.com,29,2022-02-11,Guatemala,41.27
128,Anne Walsh MD,howellamy@example.org,53,2022-05-20,Mexico,26.8
129,Christina Gutierrez,austin45@example.com,23,2025-06-05,Netherlands,32.34
130,Alexis Gamble,burnstimothy@example.com,37,2025-07-17,Mexico,325.87
131,Lynn Duncan,ericfrancis@example.net,69,2022-06-29,Montenegro,108.33
132,April Hernandez,welchdaniel@example.com,63,2023-04-10,Israel,101.02
133,Alexandria Wilson,obarker@example.com,42,2025-03-10,Christmas Island,3.99
134,William Ramos,pacechristine@example.net,50,2021-12-23,Anguilla,147.48
135,Steven Tucker,bnewton@example.net,40,2022-11-10,Lesotho,11.59
136,Chase Humphrey,kmunoz@example.org,57,2022-04-04,Malawi,15.01
137,Michael Moreno,burkeangela@example.net,32,2024-06-30,Netherlands,39.55
138,Joseph Jacobson,brian37@example.org,38,2020-09-07,Belarus,19.33
139,Misty Grant,stevensmith@example.net,42,2022-08-21,Netherlands,23.98
140,Tyler Stanley,matthewmurphy@example.org,21,2024-06-15,Marshall Islands,355.95
141,Tony Wagner,rebeccagriffin@example.org,31,2025-05-20,Saint Helena,144.14
142,Sue Harris,eric17@example.com,21,2022-03-20,Malaysia,52.26
143,Deanna Burns,wparrish@example.net,28,2020-08-27,Fiji,129.81
144,Tracy Hill,lopezcasey@example.net,37,2025-03-26,Pakistan,192.85
145,Brian Jackson,wardmary@example.org,51,2020-12-14,Ireland,29.58
146,Thomas Williams,fbeck@example.org,58,2024-10-19,Vanuatu,26.41
147,David Torres,jenniferglass@example.com,33,2022-02-02,Gibraltar,44.59
148,Lawrence Ramirez,dgomez@example.org,48,2022-04-22,Iran,16.99
149,Melissa Phillips,brandonliu@example.org,44,2023-11-10,Lebanon,32.9
150,Faith Reed,patricialloyd@example.net,23,2020-09-08,Belize,10.41
151,Craig Preston,abrooks@example.com,28,2022-07-08,Jamaica,122.58
152,Jessica Watts,matthewbaker@example.net,33,2023-12-19,Malaysia,141.09
153,Rebecca Jones,davisbrittany@example.com,20,2024-02-29,Pakistan,234.81
154,William Hernandez,rachel46@example.net,41,2023-11-07,Japan,329.08
155,Brittany Padilla,mmendoza@example.org,65,2025-01-29,Lebanon,67.78
156,William Ball,larry16@example.net,35,2023-07-01,Guinea,107.92
157,Jennifer Gonzalez,tina86@example.com,29,2024-12-10,Central African Republic,119.4
158,Andrea Thompson,james76@example.com,69,2024-09-27,Haiti,40.08
159,Mr. Nathan Dunn DVM,powersjoseph@example.com,35,2023-01-02,United Kingdom,58.81
160,Morgan Burke,maybrandy@example.org,38,2024-12-12,Yemen,48.36
161,Micheal Cummings,tracyreid@example.com,59,2021-06-07,Libyan Arab Jamahiriya,2.8
162,Debra Strickland,wcarter@example.org,57,2022-01-05,Holy See (Vatican City State),18.18
163,Erik Meza,kathrynrodgers@example.net,21,2022-05-21,Slovakia (Slovak Republic),88.0
164,Felicia Warner,harveytaylor@example.org,50,2021-10-31,Taiwan,42.4
165,Amber Russo,gonzalestanya@example.net,24,2025-05-17,Congo,75.83
166,Deanna Edwards,oharrell@example.com,47,2023-03-26,Philippines,69.14
167,Crystal Munoz,aliciapayne@example.org,54,2023-08-22,Ethiopia,95.49
168,Timothy Gray,bryantmichael@example.net,55,2023-10-20,Palau,47.22
169,Casey Green,jeffrey25@example.com,48,2022-08-12,Turks and Caicos Islands,125.14
170,Douglas Wilson,julie22@example.com,55,2024-12-07,Tanzania,0.41
171,Lauren Garcia,vfox@example.com,23,2025-02-05,Tajikistan,67.45
172,Heather Richards,brandonvillarreal@example.net,21,2022-08-23,Poland,201.0
173,Jordan Lynch,adam26@example.com,58,2025-02-06,Latvia,219.43
174,Christina House,schultzjeffrey@example.org,21,2023-03-31,Guam,32.12
175,Dana Crawford,mcfarlandrobert@example.org,25,2024-10-20,Cape Verde,54.6
176,Tim Ferguson,mcintyreallison@example.net,39,2021-01-27,Barbados,93.79
177,Lori Gillespie,christy47@example.net,41,2022-09-24,Antarctica (the territory South of 60 deg S),260.53
178,Kristen Jones,kristin80@example.net,66,2025-03-29,Netherlands,140.94
179,Kendra Powers,williamchapman@example.net,61,2023-04-27,British Virgin Islands,32.71
180,Sean Wilson,xmendez@example.net,27,2021-04-02,Peru,50.46
181,Carly Perry,bfuentes@example.net,60,2020-12-31,Montserrat,8.63
182,Aaron Tyler,gloria27@example.net,63,2025-07-02,Tuvalu,47.87
183,Dorothy Berger,andrew70@example.com,58,2024-09-22,Nauru,4.34
184,Miranda Davis,shawn75@example.com,37,2024-06-22,Aruba,101.0
185,Douglas Simpson,rjones@example.com,41,2021-12-16,Turkey,76.17
186,Robert Carroll,boothdavid@example.org,65,2021-03-21,Isle of Man,79.92
187,Melissa Diaz,jacksontara@example.com,23,2025-01-22,Ethiopia,72.08
188,Ashley King,judithbyrd@example.com,36,2022-08-28,Oman,80.48
189,Robin Parsons,andrew91@example.org,24,2022-04-14,American Samoa,11.91
190,Jacob Ortega,campbelljessica@example.org,57,2025-05-25,Bosnia and Herzegovina,37.24
191,Theresa Wright,dana37@example.org,30,2021-01-18,Wallis and Futuna,105.19
192,Christopher Hines,lpierce@example.org,69,2024-08-03,United States Virgin Islands,318.02
193,Lisa Johnson,davishunter@example.com,59,2021-10-16,Finland,303.16
194,Geoffrey Lewis,shawjeffrey@example.org,35,2023-11-19,Vietnam,138.98
195,Derek Bowers,tbradley@example.com,69,2021-01-12,Burkina Faso,86.39
196,David Green,jeffreyeverett@example.net,46,2022-08-19,Italy,122.72
197,Daniel Yang,nhooper@example.com,64,2023-12-07,Hungary,140.67
198,Nancy Rojas,josethornton@example.com,37,2024-04-07,Mauritius,61.25
199,Tyler Doyle,rshaw@example.org,60,2024-07-26,Turkmenistan,10.77
200,Hannah Donaldson,matthew50@example.net,24,2024-04-22,Maldives,180.83
201,Ashley Walker,pprice@example.com,43,2024-02-19,Iceland,19.4
202,Nathan Jones,bnunez@example.com,65,2020-08-22,Myanmar,71.31
203,Christopher Lewis,rioserica@example.com,69,2023-01-12,Guernsey,88.31
204,Hayden Miller,amberkelley@example.com,53,2024-02-02,Comoros,79.3
205,Danielle Bishop,goodmaneddie@example.org,61,2023-02-20,Turkmenistan,197.66
206,Brandon Daugherty,nreynolds@example.org,27,2022-12-19,Liberia,71.83
207,Shelby Rodriguez,curtismaria@example.net,42,2020-09-16,Romania,313.48
208,Dustin Mitchell,barbara49@example.org,42,2020-11-05,Latvia,20.88
209,Lauren Beck,johnsonkaitlyn@example.org,46,2021-02-18,Marshall Islands,62.83
210,Natalie Morales,kemprachel@example.org,60,2025-07-14,Kyrgyz Republic,73.69
211,Douglas Burke,zturner@example.net,26,2021-11-27,Zimbabwe,166.63
212,Thomas Cox,zfernandez@example.org,59,2024-09-28,French Polynesia,73.83
213,Alexandra Whitaker,yflores@example.org,46,2022-03-24,Kuwait,262.85
214,Samuel Graham,matthewwebb@example.com,26,2025-03-18,Burundi,23.56
215,Christopher Cook,bianca57@example.org,60,2024-02-06,Falkland Islands (Malvinas),20.22
216,Joshua Graham,williamhernandez@example.org,32,2022-04-16,Mauritius,76.43
217,Matthew Aguilar,michaelnelson@example.com,28,2024-07-12,United Kingdom,29.25
218,Lauren Stone,fsantana@example.net,37,2022-02-06,Colombia,206.13
219,Morgan Hawkins,nfletcher@example.com,65,2021-05-15,Latvia,41.24
220,Nathan Garcia,kristindougherty@example.org,23,2024-10-25,North Macedonia,21.07
221,Dr. Melissa Smith DDS,stevenruiz@example.net,49,2022-07-03,Azerbaijan,176.1
222,Stephen Mercado,smithchristopher@example.net,56,2024-01-27,Senegal,75.35
223,Michael Aguirre,matthewclayton@example.com,64,2024-11-11,Nauru,202.77
224,Miss Crystal Scott,johncurtis@example.com,53,2023-07-18,Faroe Islands,201.31
225,Mr. Michael Parker,swallace@example.com,58,2021-10-03,Pitcairn Islands,91.95
226,Nancy Brewer,garzamichael@example.org,44,2020-12-01,Guadeloupe,67.35
227,David Hughes,christopher32@example.com,31,2023-12-27,Egypt,15.77
228,Justin Martinez,vholland@example.net,29,2024-04-09,Libyan Arab Jamahiriya,295.88
229,Daniel Williams,derek38@example.org,40,2024-07-31,Bahamas,81.81
230,Jacob Benton,rita06@example.net,55,2021-10-29,Argentina,88.59
231,Michael Rodriguez,hensleyjackie@example.org,55,2023-04-06,Finland,112.87
232,Vincent May,gordonbrian@example.com,26,2023-03-25,Bosnia and Herzegovina,72.71
233,Kenneth Williams DVM,geraldchavez@example.com,23,2023-02-22,Romania,24.4
234,Brian Cuevas,welchdaniel@example.com,31,2024-07-05,American Samoa,32.18
235,Lisa Smith,pgilbert@example.org,26,2021-09-06,Kenya,96.92
236,Hannah Hall,frostguy@example.org,31,2020-10-19,Comoros,167.83
237,Dakota Gates,breannasanford@example.com,48,2025-07-16,Svalbard & Jan Mayen Islands,94.28
238,Charles Moore,heathernewman@example.com,43,2021-10-07,Qatar,10.53
239,Eric Walsh,tgill@example.com,57,2024-01-19,Somalia,16.68
240,David Boyer,samuel00@example.com,28,2020-09-24,Cuba,137.55
241,Justin Preston,bradley71@example.com,52,2022-06-07,Maldives,133.96
242,Michelle Lee,gilmorewilliam@example.net,40,2022-12-02,Falkland Islands (Malvinas),66.55
243,David Buck,laura02@example.org,36,2025-07-04,Svalbard & Jan Mayen Islands,82.27
244,Nicole Gutierrez,wardmelvin@example.net,58,2025-07-13,Antarctica (the territory South of 60 deg S),15.73
245,Casey Villanueva,finleykelly@example.com,55,2025-01-16,Mauritius,87.3
246,Amy Curtis,mark29@example.net,22,2022-11-15,Chile,206.71
247,William Alexander,melinda78@example.org,43,2023-12-30,Timor-Leste,240.38
248,Samuel Davis,melissadavenport@example.net,43,2022-08-04,Georgia,79.7
249,Edward Spence,andrew29@example.org,68,2023-11-25,Hong Kong,108.69
250,Kelly Hardin,brandon80@example.com,64,2023-07-21,Taiwan,117.98
251,Jorge Brown,laurakoch@example.com,44,2023-06-14,Anguilla,66.58
252,Zachary Hensley,pereztamara@example.net,37,2022-05-24,Paraguay,93.86
253,Jason Dominguez,diane41@example.org,62,2021-03-22,Thailand,119.11
254,Tina Ward,jamesjames@example.net,65,2024-05-28,Italy,1.13
255,Carl Moses,victoriawillis@example.org,66,2025-04-19,Venezuela,24.76
256,Amy Rowland,robertwilliams@example.net,62,2021-11-06,British Virgin Islands,83.73
257,Sarah Anderson,crystalbullock@example.net,56,2024-08-03,San Marino,3.66
258,George Baker,tylerowens@example.org,36,2023-11-30,Iraq,22.73
259,David Vaughn,unorman@example.org,23,2020-10-09,British Virgin Islands,93.43
260,Dylan Summers,conradrebecca@example.org,63,2021-05-06,South Africa,46.2
261,Terri Johnson,rcrosby@example.org,26,2023-08-15,Bahrain,109.63
262,Christina Barnes,lgordon@example.net,67,2024-09-14,Korea,108.99
263,Kurt Castillo,fdaugherty@example.org,25,2023-12-01,British Indian Ocean Territory (Chagos Archipelago),125.88
264,Kara Henry,johntorres@example.com,56,2024-11-20,Cape Verde,78.57
265,Erik Nunez,morrisonsierra@example.net,40,2022-11-26,Cameroon,15.91
266,Jennifer Perry,adavis@example.net,42,2020-09-17,Maldives,337.45
267,Melissa Santiago,dmeza@example.net,20,2022-11-30,Rwanda,53.07
268,Susan Palmer DDS,andersonbriana@example.org,53,2021-10-06,Australia,53.29
269,Christopher Reid,moralesemily@example.org,18,2023-01-05,Zimbabwe,275.99
270,Brian Decker,jamiesantiago@example.org,38,2023-05-19,Bosnia and Herzegovina,44.73
271,John Fields,friedmanjay@example.com,29,2024-08-19,Peru,221.82
272,George Brown,melanie11@example.org,52,2023-02-02,Costa Rica,350.01
273,Charlotte Brewer,crystalallen@example.com,34,2025-01-15,Tokelau,447.29
274,William Mitchell,nathan71@example.net,51,2021-10-10,French Southern Territories,93.06
275,Joseph Dickerson,walkerdebbie@example.org,67,2024-09-21,Turks and Caicos Islands,92.16
276,Kyle Morrison,joseph30@example.org,33,2023-03-04,Slovenia,100.01
277,Cameron Hill,peckjohn@example.net,34,2023-08-01,Montserrat,68.48
278,Nicole Watkins,flowersmaria@example.net,23,2021-08-03,France,43.87
279,Gary Snyder,jason95@example.org,66,2022-12-03,Guadeloupe,6.58
280,Jim Padilla MD,amanda25@example.org,36,2025-05-04,Ethiopia,82.95
281,Michael Davis,zbryant@example.org,33,2023-12-12,France,95.06
282,Alexander Holt,stephaniefarmer@example.org,52,2025-03-07,Luxembourg,412.81
283,Brian Moore,nancy88@example.net,38,2020-12-24,British Virgin Islands,12.18
284,Kelly Delacruz,megan42@example.com,33,2025-04-30,Holy See (Vatican City State),105.94
285,Benjamin Butler,velasquezwilliam@example.net,61,2021-12-30,Bolivia,52.83
286,Samantha Maldonado,amayo@example.net,20,2024-08-29,Samoa,24.42
287,Daniel Morgan,anthony97@example.net,20,2021-08-07,Ecuador,51.9
288,Stephanie Fisher,tmccoy@example.net,49,2023-01-09,Netherlands Antilles,191.29
289,Benjamin Hall,nlang@example.org,46,2022-05-08,Martinique,31.99
290,Destiny Tanner,parkslucas@example.org,60,2022-12-25,Uruguay,1.59
291,Christina Gonzalez,qthomas@example.net,43,2021-07-21,Namibia,35.64
292,Angela Taylor,brandonwagner@example.net,40,2021-05-16,Falkland Islands (Malvinas),16.97
293,Jordan Wright,franklopez@example.org,55,2022-01-07,Somalia,85.12
294,Michael Powell,calhounshawn@example.com,40,2024-11-06,Netherlands,198.39
295,Edward Lewis,patrickshaffer@example.com,68,2023-03-21,French Guiana,295.02
296,Melinda Griffin,elizabethsmith@example.org,51,2021-12-11,Dominica,110.83
297,Susan Garcia,anita47@example.org,48,2025-03-01,Mauritania,115.4
298,Amanda Collins,mmeadows@example.net,34,2022-03-30,Grenada,121.11
299,Dustin Guzman,hyang@example.com,53,2024-10-09,Singapore,166.88
300,Donna Lane,osutton@example.com,30,2025-07-12,Chad,53.32
301,Zachary Parks,matthewmartin@example.net,51,2024-05-15,South Africa,149.84
302,Christopher Jackson,kimberlyknight@example.org,47,2021-10-20,United States Minor Outlying Islands,53.83
303,Matthew Murray,darrylwilliams@example.com,45,2023-03-24,Croatia,79.02
304,Ronald Fernandez,michael17@example.org,18,2021-07-20,Germany,39.12
305,Shirley Murray,corey90@example.org,45,2022-08-26,Tajikistan,217.56
306,Kimberly Bailey,rvalentine@example.net,47,2023-11-13,Ghana,103.79
307,Alan Harris,robin76@example.org,39,2025-01-12,North Macedonia,2.37
308,Donna Mitchell,josephroberts@example.net,30,2020-10-12,Micronesia,67.26
309,Jacqueline Chaney DVM,angela44@example.org,47,2022-02-14,India,15.75
310,Charles Hunt,taylorsoto@example.com,51,2021-09-16,Wallis and Futuna,1.95
311,Julie Huffman,kylerichardson@example.com,19,2022-07-22,Sri Lanka,232.18
312,Sean Stewart,xbates@example.net,45,2022-05-26,Panama,41.25
313,Jennifer Hutchinson,jessicagoodman@example.com,27,2024-10-29,Finland,163.85
314,John Mercado,colinbrooks@example.com,21,2024-11-21,Sao Tome and Principe,17.87
315,Jason Stevens,craigpitts@example.net,56,2024-06-06,French Polynesia,5.96
316,Pamela Blair,mccarthybrandy@example.com,64,2021-03-17,Heard Island and McDonald Islands,10.97
317,Kimberly Aguilar,perkinsmark@example.com,36,2025-01-16,Turkmenistan,36.13
318,Billy White,courtney42@example.org,18,2023-12-06,Guam,8.34
319,Donald Sanchez,wendysanchez@example.com,67,2021-10-06,Albania,36.19
320,Tara Padilla,eking@example.com,40,2021-07-20,Guadeloupe,196.22
321,Keith Baker,ashleysmith@example.com,67,2024-03-25,Christmas Island,148.95
322,Chris Mann,scottpeterson@example.com,49,2023-06-14,Saint Barthelemy,125.23
323,Heidi White,taylorrobert@example.com,34,2024-12-02,Korea,86.29
324,Stephanie Smith,gtucker@example.org,41,2021-02-15,China,66.73
325,Michael Jones,alexisthompson@example.net,58,2021-04-06,Croatia,214.16
326,Mr. Terry Martinez,merrittalbert@example.net,48,2020-12-05,Saint Pierre and Miquelon,107.62
327,Michael Myers,onguyen@example.org,64,2020-12-19,Hong Kong,136.49
328,Phillip Clark,melissabennett@example.org,52,2024-08-14,Peru,46.93
329,Jennifer Lee,armstrongbrandi@example.com,21,2025-03-06,Guatemala,216.8
330,Sara Kennedy,marshadrian@example.org,48,2023-10-18,Switzerland,126.51
331,Matthew Reyes,martinezsteve@example.net,37,2022-03-09,Jersey,102.46
332,Joseph Stevens,richardmorrow@example.net,68,2025-05-12,Brunei Darussalam,72.06
333,Christopher Hatfield,tking@example.com,48,2024-02-26,Malawi,27.26
334,Stephanie Walker,angela89@example.com,66,2021-09-13,Australia,166.41
335,Jennifer Hicks,ogonzalez@example.org,54,2020-12-12,Iraq,118.23
336,Anna Harrison,garnererin@example.org,60,2020-09-17,Tuvalu,53.65
337,Henry Warren,amandagutierrez@example.com,50,2021-08-28,Jordan,36.65
338,Derek Peterson,kimjeffrey@example.net,28,2021-03-05,Turkmenistan,4.58
339,Curtis Morris,abrown@example.com,28,2022-01-18,Bermuda,149.68
340,Emily Owens,haynesrachel@example.com,67,2024-04-12,Tuvalu,220.2
341,Russell Mason,asanchez@example.org,58,2021-03-08,Mayotte,221.02
342,Charles Jones,bobbyallen@example.org,59,2024-11-11,Panama,22.2
343,Catherine Moore,ymiller@example.org,40,2022-01-01,Syrian Arab Republic,419.78
344,Jason Medina,emily87@example.net,64,2020-10-14,Ecuador,163.1
345,Jo Bryant,taylor53@example.com,34,2022-06-07,Malta,75.83
346,William Sanford,anthony13@example.org,48,2025-02-17,Niue,141.69
347,John Johnson,francodamon@example.net,34,2021-03-18,Saudi Arabia,161.76
348,Mrs. Virginia Wilson,alison57@example.org,47,2024-01-21,Germany,59.28
349,Steve Silva,hocourtney@example.com,22,2020-11-21,Afghanistan,1.75
350,Elizabeth Obrien,jessica38@example.net,28,2022-05-14,Grenada,2.22
351,Jeffrey Ayala,cclark@example.org,58,2024-01-29,San Marino,14.75
352,Gavin Mayer,walshstephen@example.org,57,2021-03-11,Mozambique,69.55
353,Kim Nash,iallison@example.com,43,2025-03-11,Lesotho,97.62
354,Christina Berger,antonioneal@example.net,52,2022-11-07,Kazakhstan,5.58
355,James Ritter,gilbertjamie@example.com,37,2021-12-06,Malta,96.31
356,Carla Mills,kellerrachel@example.com,51,2022-02-10,Suriname,26.82
357,Jacob Anderson,gatestravis@example.com,45,2023-12-18,Antigua and Barbuda,12.63
358,Timothy Simmons,michellejones@example.net,20,2021-10-24,Martinique,184.23
359,William Curry,jodicherry@example.com,34,2024-08-28,Lao People's Democratic Republic,183.66
360,Donna Williams,megan58@example.com,27,2024-01-11,Sudan,115.07
361,Aaron Brown,christensenchristopher@example.com,57,2023-08-14,Libyan Arab Jamahiriya,55.1
362,Jasmine Reyes,travisclark@example.net,56,2023-11-05,Botswana,180.75
363,Stephanie Andrews,mario51@example.com,34,2022-10-13,Northern Mariana Islands,155.22
364,Matthew Hester,angelawong@example.org,52,2023-09-04,Namibia,23.51
365,Gloria Peterson,mayschristina@example.net,34,2022-02-10,Luxembourg,232.41
366,Oscar Long,matthewkim@example.org,19,2024-10-12,Eritrea,19.44
367,Brandy Levy,robert07@example.org,61,2021-10-06,Switzerland,22.31
368,Michael Higgins,dwinters@example.com,63,2022-12-01,Spain,67.4
369,Jacob Clay,naguilar@example.com,63,2020-12-23,French Southern Territories,83.09
370,Billy Pearson,eric65@example.org,62,2020-11-25,Panama,29.03
371,Lance Gonzalez,davidbentley@example.net,66,2021-01-06,Hungary,48.31
372,Jonathon Sanchez,gloria07@example.net,32,2023-04-05,Niue,180.99
373,Kayla Garcia,kimberlymathews@example.net,45,2023-04-05,Finland,47.79
374,Sara Rhodes,wtravis@example.org,35,2025-04-16,Mexico,20.91
375,Paul Wolf,zjohnson@example.net,23,2024-11-10,Cuba,393.66
376,Antonio Brown,emily93@example.com,28,2020-11-20,Yemen,3.15
377,Samantha Chen,wilsonkayla@example.org,66,2023-07-02,Solomon Islands,41.94
378,William Preston,jkane@example.org,49,2021-05-31,Sudan,103.71
379,Eugene Nixon,tiffanyross@example.org,64,2024-11-27,Malawi,4.61
380,Danielle Jones,landerson@example.org,21,2022-10-04,Lesotho,42.55
381,Edward Smith,meganperry@example.org,55,2021-04-07,Zambia,7.14
382,Theresa Petersen,kelsey14@example.net,33,2025-03-08,Brazil,26.08
383,Richard Aguilar,glassshawn@example.com,55,2024-03-01,Kuwait,44.27
384,William Patterson,tyler33@example.org,32,2023-07-05,Moldova,164.08
385,Katherine Richards,david78@example.com,19,2023-07-03,Tokelau,342.31
386,Dawn Holland,chambersjose@example.org,37,2020-10-22,Bolivia,64.67
387,Douglas Gardner,zcoleman@example.com,45,2023-06-20,Bahamas,174.58
388,Willie Gregory,garciamathew@example.net,27,2022-08-25,Nauru,108.3
389,Jamie Elliott,rmartinez@example.net,34,2021-11-04,Norway,118.27
390,Tara Walsh,phillipschneider@example.com,20,2023-01-13,Lithuania,15.71
391,Cindy Peck,rodriguezbeverly@example.org,48,2023-09-01,Morocco,46.81
392,Joseph Stevens,melissabrown@example.net,42,2023-12-12,Indonesia,140.83
393,Cheryl Williams,daniel01@example.org,44,2020-12-30,Rwanda,34.74
394,Jeffrey Fowler,christiansmith@example.net,55,2023-05-24,Colombia,43.93
395,Joshua Smith,qhall@example.com,31,2022-08-24,Australia,228.45
396,Jason Stevenson,stevencosta@example.org,26,2022-10-13,Paraguay,325.55
397,Michelle Fowler,andrew97@example.org,23,2025-01-20,Faroe Islands,184.01
398,Emily Watson,kgray@example.net,67,2021-08-31,New Zealand,50.12
399,Tara Ross,mcdonaldsharon@example.net,38,2023-02-12,Mexico,58.78
400,Shannon Thomas,melissa61@example.com,33,2024-08-29,Cook Islands,259.38
401,Julie Fernandez,james49@example.com,32,2021-05-26,Cameroon,125.9
402,Kelsey Watson,justin08@example.com,65,2020-08-12,Turks and Caicos Islands,106.62
403,Melissa Nguyen,russellashley@example.com,57,2022-07-21,Liberia,206.65
404,Ronnie Cardenas,maxwellthornton@example.org,54,2024-07-11,Nauru,66.17
405,Jodi Smith,dbailey@example.org,22,2021-05-16,Guatemala,93.61
406,Seth Joseph,amy45@example.com,51,2022-10-12,Guatemala,30.95
407,Jason Williams,jdennis@example.net,34,2025-07-30,Saint Barthelemy,1.13
408,Devin Kennedy,dritter@example.com,56,2024-12-06,Ecuador,60.89
409,Nicholas Stewart,justin35@example.net,38,2022-11-30,Cuba,43.48
410,Faith Wilson,lisacoleman@example.org,67,2025-04-03,Zimbabwe,29.66
411,Lindsay Decker,gibsondarius@example.com,24,2024-04-24,Poland,84.37
412,Jessica Kelly,benjamin72@example.net,69,2025-01-02,Indonesia,42.37
413,Michael Liu,tjohnson@example.net,54,2023-11-21,Sri Lanka,85.8
414,Jessica Blair,annalong@example.com,37,2024-07-30,Saint Pierre and Miquelon,10.06
415,Gary Williams,dalelogan@example.net,33,2022-02-03,British Indian Ocean Territory (Chagos Archipelago),18.85
416,Antonio Brewer,lloydtyler@example.net,53,2021-01-14,El Salvador,74.92
417,Teresa Mills,janet89@example.net,64,2023-10-21,Ethiopia,5.59
418,Christina Pena,gabrieljones@example.net,61,2021-09-09,Guyana,96.56
419,Danielle Young,randalledward@example.com,38,2023-03-08,Pakistan,127.05
420,Sarah Middleton,gwilliams@example.com,41,2023-11-24,Bangladesh,70.01
421,Steve Ritter,cherylperry@example.com,20,2025-02-22,Bosnia and Herzegovina,97.89
422,Nancy Spencer,rgray@example.org,63,2024-04-10,Dominica,5.47
423,Cindy Galvan,amy50@example.com,60,2025-04-23,Chad,69.23
424,Tracy Taylor,livingstonkevin@example.org,66,2021-05-14,New Zealand,15.6
425,Jeffrey Berger,christopher85@example.com,62,2021-02-22,Gibraltar,15.25
426,Samantha Oliver,alexanderalexander@example.net,41,2022-12-06,Canada,1.86
427,Diana Hunt,martinparker@example.org,36,2023-10-16,Kiribati,221.23
428,Kenneth Davis,mlewis@example.org,44,2020-12-01,Croatia,30.91
429,Jason Booth,sclarke@example.com,62,2021-11-15,Maldives,9.67
430,Scott Mccarthy,christopher49@example.net,24,2023-04-18,Honduras,78.88
431,Anne Carter,terrywendy@example.net,39,2022-04-26,Sri Lanka,63.96
432,Marcus Mack DDS,abigail79@example.com,61,2024-08-14,Saudi Arabia,20.56
433,Hannah Gates,lcook@example.org,69,2023-05-02,Puerto Rico,65.83
434,Timothy Lopez,robbinsryan@example.org,23,2020-11-30,Cuba,80.49
435,Caitlin Hutchinson,stephaniestephens@example.com,54,2021-08-16,Lebanon,224.13
436,John Cunningham,davidsonsamantha@example.net,38,2022-02-28,Jersey,39.81
437,Katherine Roberts,amy37@example.org,45,2024-06-25,Afghanistan,229.42
438,Gregory Taylor,figueroaallison@example.net,33,2022-11-23,Austria,68.02
439,Sara Fox,michael56@example.com,53,2022-07-20,Ireland,58.57
440,Kimberly Mcdaniel,dwong@example.org,27,2022-03-13,Lesotho,79.32
441,Jennifer Fisher,james83@example.org,59,2020-12-24,Algeria,18.26
442,Richard Evans,benjaminrobles@example.org,46,2022-04-21,Botswana,87.43
443,Michael Sparks,aserrano@example.net,48,2024-04-17,Estonia,9.48
444,Alison Lewis,wrightshawn@example.com,54,2022-11-18,Greece,155.59
445,Kelsey Sandoval,floresjeremy@example.org,32,2023-08-22,Venezuela,143.17
446,Linda Moody,dorismartin@example.net,68,2024-03-15,Honduras,17.87
447,John Martin MD,gjones@example.net,49,2022-06-20,Ethiopia,19.15
448,Michelle Conner,andersonchristina@example.net,46,2023-10-31,Turkey,82.14
449,Jeremiah Wallace,bryanbass@example.org,67,2023-08-20,United Kingdom,43.43
450,Edwin Oneal,jill79@example.org,21,2025-02-14,Papua New Guinea,0.87
451,Michelle Gray,boltonmatthew@example.com,52,2023-12-30,Monaco,26.12
452,Samuel Freeman,hallmegan@example.com,64,2021-08-01,Costa Rica,76.01
453,Marcus Vega,fstevenson@example.org,20,2025-04-08,Botswana,54.47
454,Christina Cuevas,andersonbrittany@example.org,34,2022-10-13,United States Virgin Islands,69.08
455,Elizabeth Hoffman,stephaniegood@example.net,59,2022-03-04,Jamaica,23.85
456,Mrs. Natasha Palmer,jose39@example.org,31,2025-05-17,Singapore,116.49
457,Brittany Harris,nguzman@example.org,22,2020-11-17,Albania,2.93
458,Ellen Ortiz,cruzkathy@example.org,57,2025-05-05,Heard Island and McDonald Islands,3.46
459,John Dennis,dennismichelle@example.net,20,2021-06-13,Czech Republic,170.87
460,Michelle Webb,lori85@example.net,58,2025-07-19,Slovakia (Slovak Republic),6.83
461,James Vasquez,danielterry@example.net,40,2024-01-28,Honduras,165.02
462,William Bond,nathan94@example.com,51,2022-07-03,Georgia,38.98
463,Brian Morales,christian04@example.org,52,2021-04-23,Denmark,109.26
464,Vincent Camacho,hawkinspaula@example.com,29,2025-05-06,Christmas Island,26.44
465,Karen Nguyen,daryl74@example.com,37,2025-07-11,Korea,30.85
466,Christopher Doyle,kentjustin@example.com,60,2023-02-03,Ghana,39.78
467,John Ponce,leachtiffany@example.net,58,2025-04-08,Belize,108.36
468,Robert Davis,mccallangela@example.net,63,2023-10-10,Georgia,72.28
469,Richard Campbell,gregory16@example.com,39,2023-06-12,Slovenia,262.84
470,Elizabeth Moore,saraholsen@example.org,37,2025-02-06,Palestinian Territory,71.98
471,Lindsay Brennan,qrodriguez@example.org,20,2022-04-01,Lebanon,45.17
472,Shelia Fields,benjamincooper@example.com,40,2025-05-19,Iran,22.79
473,Russell May,barrbrooke@example.com,18,2021-02-22,Dominica,16.86
474,Elizabeth Peterson,kimball@example.org,34,2025-04-16,Tuvalu,136.31
475,Charles Arias,munozjacob@example.net,33,2023-10-01,Chile,57.98
476,Angela Crawford MD,lori67@example.com,62,2022-05-07,Mauritius,221.78
477,Christina Drake,whitekelly@example.org,57,2024-07-15,Macao,160.62
478,Dylan Bates,cassandra77@example.net,22,2023-11-07,Guadeloupe,96.11
479,Jennifer Werner,gonzalezbryan@example.com,40,2023-03-27,Uganda,0.15
480,Veronica Diaz,bkelly@example.net,33,2024-02-22,Malta,59.34
481,Stacy Norton,robert51@example.com,23,2020-12-22,Colombia,129.58
482,Craig Rogers,jamesbrenda@example.net,38,2020-08-25,Wallis and Futuna,27.58
483,Diane Gibson,jeffrey92@example.org,44,2021-07-18,Iran,9.38
484,Jose Lopez,patrick67@example.net,58,2021-01-11,Slovenia,122.36
485,Wayne Hurst,jeffrey72@example.org,51,2024-04-29,Cyprus,24.4
486,James Avila,wisewilliam@example.com,32,2023-10-13,Philippines,40.6
487,Jason Sharp,clarkperry@example.com,64,2025-02-17,Hong Kong,25.5
488,Stephen Jones,wallacechristopher@example.net,38,2025-04-18,Mauritius,102.99
489,Kimberly Santiago,thompsonjared@example.net,51,2021-12-02,North Macedonia,65.17
490,Jacqueline Garcia,griffithnatalie@example.org,63,2022-01-29,Saudi Arabia,57.99
491,Daniel Hicks,ksmith@example.net,65,2023-03-20,Maldives,7.24
492,Lauren Reeves,maria76@example.net,53,2021-11-19,Mauritania,7.01
493,Adrian Watkins,ronaldbrown@example.net,33,2023-11-03,Israel,88.41
494,Mary Shepherd,dhunter@example.com,23,2024-04-16,El Salvador,17.85
495,Jacob Nguyen,hallsharon@example.org,28,2022-01-31,Finland,186.74
496,Christopher Pearson,jason06@example.com,48,2024-03-14,Uganda,64.8
497,Jennifer Turner,gibsonshelly@example.com,41,2023-12-18,Eritrea,1.43
498,Anthony Ryan,coxbrenda@example.org,41,2025-05-31,Senegal,17.25
499,Sarah Reyes,brittanymarshall@example.net,28,2023-05-27,Malta,42.85
500,Jennifer Young,padillacody@example.net,55,2024-10-19,Senegal,126.03
501,Melanie Vargas,amycarlson@example.net,68,2020-08-23,Costa Rica,43.22
502,Eric Michael,ashleyhill@example.org,47,2023-04-25,Reunion,265.47
503,Edwin Clark,michelle14@example.com,68,2022-10-25,United States Virgin Islands,15.63
504,Jake Ferguson,sweeneyvickie@example.com,38,2021-10-26,Micronesia,19.81
505,Luke Reed,guzmanchristopher@example.com,53,2022-03-17,Reunion,3.99
506,Margaret Patton,jessica61@example.org,54,2023-12-02,Thailand,122.57
507,Micheal Taylor,kevinroberts@example.org,38,2024-02-28,United Kingdom,133.55
508,James Stone,ewiley@example.org,37,2024-12-09,Montserrat,55.53
509,Mercedes Taylor,seth14@example.org,48,2021-03-25,Poland,51.74
510,Kayla Page,karenbarton@example.org,19,2022-01-29,Faroe Islands,363.59
511,Barry Smith,christopherlopez@example.org,38,2021-05-11,Kenya,85.01
512,Kayla Tate,qreeves@example.org,63,2021-09-02,Tuvalu,142.76
513,Richard Montgomery,ronaldjones@example.com,39,2024-08-17,United States Minor Outlying Islands,339.94
514,Rebecca Wood,emily13@example.com,32,2022-10-24,Pakistan,27.69
515,Dennis Walker,ycox@example.org,51,2024-04-01,Brazil,71.7
516,Janet Gould,jamesharris@example.org,25,2021-07-11,Western Sahara,76.09
517,Vanessa Lozano,hallbrian@example.com,46,2022-03-12,Bulgaria,115.85
518,Katelyn Howard,raymondhaney@example.net,34,2025-04-30,Turks and Caicos Islands,54.29
519,Crystal Patrick,zachary75@example.net,69,2022-08-30,Lao People's Democratic Republic,276.99
520,Jessica Martin,jennifer18@example.com,49,2022-11-19,Portugal,24.49
521,Jose Key,qlane@example.net,44,2021-10-17,Venezuela,0.75
522,Scott Roman,michael77@example.org,24,2023-01-12,Saint Pierre and Miquelon,114.96
523,Alicia Brown,jrhodes@example.com,59,2020-12-03,Saint Barthelemy,57.0
524,Lisa Peters,davidestrada@example.net,18,2022-12-11,Mongolia,92.74
525,Sherry Duran,colleenfuller@example.org,44,2021-02-22,Congo,186.16
526,Amber Campbell,wcalderon@example.com,43,2025-01-12,Saudi Arabia,7.15
527,Michelle Reyes,davischristopher@example.net,36,2025-01-18,Bahrain,92.59
528,Luke Barker,benjamincalhoun@example.net,45,2021-11-02,Lebanon,7.14
529,John Juarez,cmurphy@example.com,28,2020-08-12,Kyrgyz Republic,80.39
530,Mrs. Katherine Lyons,joseph95@example.org,35,2025-04-10,Burkina Faso,302.34
531,Jennifer Nicholson,adrianparks@example.com,34,2024-09-12,Hong Kong,35.54
532,John Johnson,fowlersusan@example.net,62,2025-07-07,Guatemala,59.46
533,Melanie Campbell,rnelson@example.com,34,2023-07-07,Portugal,595.79
534,Zachary Richardson,mark92@example.net,58,2022-11-27,New Caledonia,68.17
535,Andrea Thompson,pmontgomery@example.org,31,2024-06-06,Montenegro,51.79
536,Ms. Jessica Armstrong,hansenmichelle@example.com,28,2021-06-22,Trinidad and Tobago,52.28
537,Dawn Gutierrez,campbellsandra@example.net,51,2022-10-25,Turkmenistan,31.51
538,Amy Monroe,jessica94@example.org,22,2022-05-06,Thailand,186.94
539,Jeffrey Miller,tlee@example.net,23,2024-09-03,Brunei Darussalam,28.96
540,John Romero,cstokes@example.net,19,2021-09-20,Canada,91.23
541,Kristen Bradford,robersonkevin@example.org,60,2024-08-28,Guernsey,24.63
542,Dominique Peters,michael52@example.com,47,2024-11-18,Comoros,2.15
543,Joseph Pittman,mfisher@example.org,50,2022-07-09,Angola,255.46
544,Michael Harrington,walter25@example.org,54,2024-07-16,Latvia,16.25
545,Lance Jackson,hollowayjohn@example.net,47,2020-12-01,French Guiana,110.79
546,Savannah Zimmerman,hduffy@example.org,68,2024-09-06,Holy See (Vatican City State),133.64
547,Jared Anderson Jr.,edward89@example.net,62,2024-10-08,Liechtenstein,103.64
548,Joshua Daniel,ssoto@example.net,36,2024-04-02,Paraguay,51.86
549,Nancy Clark,andreahill@example.net,59,2025-02-09,Cayman Islands,24.59
550,Rebecca Blackburn,evelynrobertson@example.org,19,2022-12-11,Falkland Islands (Malvinas),159.72
551,Ashlee Arellano,apatterson@example.org,58,2023-06-06,Israel,462.2
552,Deborah Hughes,fred18@example.com,44,2020-10-08,New Zealand,75.81
553,William Fox,paula11@example.net,56,2024-10-14,Denmark,10.82
554,Chad Henry,hjohnson@example.org,33,2025-02-13,Vanuatu,182.75
555,Aaron Carlson,williamjohnson@example.com,59,2022-10-28,South Georgia and the South Sandwich Islands,37.12
556,James Hill,brittanyandrews@example.net,18,2024-03-03,Nauru,26.09
557,Andrew Clark,gomezbenjamin@example.com,60,2025-01-20,Kazakhstan,34.83
558,Austin Barnett,kayla35@example.com,29,2024-04-21,Honduras,11.45
559,Scott Santana,raymond52@example.net,36,2024-06-18,Montserrat,72.09
560,Helen Fleming,yparrish@example.org,38,2021-04-11,Jersey,64.88
561,Larry Woods,tylerheidi@example.org,24,2024-07-31,North Macedonia,448.91
562,Angela Wright,jacksonjanet@example.com,36,2021-08-23,Croatia,32.86
563,Sandra Robinson,susan57@example.net,57,2025-03-01,Vietnam,118.55
564,Kristen Martin,sean89@example.org,68,2023-02-18,Croatia,140.51
565,Christopher Cohen,stacey69@example.org,30,2022-07-13,Norway,23.07
566,Larry Whitney,smithjohn@example.com,69,2023-07-29,Pitcairn Islands,85.99
567,Tyler Patterson,howarddavid@example.org,43,2022-04-01,France,106.06
568,Daniel Moon,nicolebrown@example.net,39,2022-01-27,Canada,3.07
569,Megan Davis,mgray@example.com,34,2023-04-16,Finland,206.8
570,Alexander Adams,daniel03@example.com,24,2022-12-28,Suriname,46.04
571,Mercedes Page,cwolf@example.org,52,2021-03-16,Palestinian Territory,71.72
572,Alyssa Dillon,douglasbecky@example.com,60,2022-11-29,Mauritania,307.93
573,Lisa Powell,kmoore@example.org,38,2022-03-27,Antigua and Barbuda,31.96
574,Christina Roberts,hobbsalexandra@example.com,50,2023-08-24,Albania,248.63
575,Kelli Harrell,scompton@example.com,42,2024-02-19,Netherlands,47.57
576,Nancy Thomas,hcrosby@example.org,20,2025-02-26,Myanmar,12.01
577,Erik Hayes,jimenezchristopher@example.org,20,2023-08-11,Egypt,61.38
578,Regina Byrd,orozcodakota@example.com,62,2024-01-22,United States Minor Outlying Islands,343.81
579,Deanna Adams,christophermartinez@example.org,23,2024-07-25,Montserrat,14.97
580,Kevin Green,hillaaron@example.net,39,2022-06-02,Svalbard & Jan Mayen Islands,111.7
581,Richard Barrett,torresashley@example.net,63,2022-04-30,Antigua and Barbuda,254.67
582,William Wilson,cunninghamlisa@example.org,22,2022-01-17,American Samoa,18.89
583,Patrick Martin PhD,marc90@example.org,34,2024-06-14,Paraguay,130.49
584,Christopher Reed,nicole73@example.com,34,2021-05-09,United States Minor Outlying Islands,66.63
585,Emily Pearson,xwells@example.net,47,2021-04-10,Costa Rica,42.9
586,Jennifer Smith,smithelizabeth@example.net,36,2024-01-13,Sao Tome and Principe,467.63
587,Alexis Johnson,johnsonshannon@example.com,44,2023-11-07,Anguilla,12.63
588,Steven Cohen,leahlong@example.net,42,2022-12-11,Palestinian Territory,28.09
589,Felicia Garner,nfischer@example.com,53,2022-05-20,Papua New Guinea,46.7
590,Juan Browning,mathewsjeffrey@example.net,37,2021-07-03,Martinique,30.23
591,David Lucas,monica02@example.org,19,2023-05-26,Wallis and Futuna,21.8
592,Meagan Gill,kerrlisa@example.org,49,2025-07-19,Antigua and Barbuda,287.67
593,Cynthia White,thomasanne@example.net,55,2023-04-12,Mauritius,35.52
594,Richard Grimes,nwilliams@example.com,61,2021-05-03,Bolivia,43.78
595,Kimberly Oliver,beckyreyes@example.net,66,2023-08-03,Christmas Island,62.19
596,Beth Robbins,hmcdonald@example.com,54,2024-11-19,Saint Vincent and the Grenadines,230.55
597,George Sloan,jack97@example.com,41,2024-11-25,Palau,438.56
598,Ryan Spence,angela15@example.net,32,2023-02-03,Sweden,79.36
599,Richard Hoover,karenjohnson@example.org,62,2021-04-09,Bulgaria,284.59
600,Kevin Evans,lewisjill@example.net,21,2020-12-02,Saudi Arabia,75.96
601,George Miller,nicholas53@example.org,22,2025-07-29,Bahrain,26.49
602,Joshua Barnes,xblevins@example.org,66,2024-12-04,Burkina Faso,49.1
603,Danny Stone,hillmichele@example.org,20,2025-06-16,Bulgaria,19.54
604,Kathleen Diaz,pcunningham@example.org,52,2020-09-14,Guatemala,4.18
605,James Vega,sjordan@example.net,64,2020-11-19,Kiribati,31.26
606,Alison Daniels,williamsdavid@example.org,21,2023-04-14,Tunisia,48.58
607,Mark Brown,vjackson@example.org,66,2024-08-05,South Africa,101.56
608,Deanna Hayes,dhopkins@example.org,53,2022-06-23,Albania,46.9
609,Laurie Rodriguez,fsingh@example.org,19,2022-06-14,Seychelles,291.37
610,Ronald Bennett,lambertelizabeth@example.com,33,2024-07-08,New Zealand,141.93
611,Robert Cunningham,ujones@example.com,67,2022-12-12,North Macedonia,61.57
612,Denise Clark,boyerjared@example.com,53,2025-03-27,Vanuatu,175.31
613,Isabella Anderson,ortegarebecca@example.com,45,2024-08-25,Brunei Darussalam,3.19
614,Rachel Yoder,thompsondwayne@example.com,66,2023-04-28,Bouvet Island (Bouvetoya),162.4
615,Sandra Mcdowell,jessica80@example.net,25,2023-03-02,Namibia,113.07
616,Charles Brown,dillonharris@example.com,27,2024-07-05,India,17.14
617,Larry Hobbs,annette96@example.net,40,2021-07-13,Heard Island and McDonald Islands,288.52
618,Adam Stewart,michealmassey@example.org,65,2025-07-27,Bangladesh,142.82
619,Dale Hernandez,jacksondiane@example.net,20,2021-12-01,Saint Barthelemy,389.52
620,Jonathan Cole,lbush@example.org,42,2025-03-03,Singapore,201.28
621,Andrew Sanchez,vbenton@example.org,47,2021-06-19,Pakistan,33.55
622,Kyle James,dianepowell@example.net,26,2024-04-05,Algeria,110.01
623,Sean Taylor,urodriguez@example.org,50,2025-07-27,Liberia,140.93
624,Monique Miller,tperez@example.org,19,2023-02-04,French Guiana,164.86
625,Jacob Orozco,lmcdaniel@example.com,28,2020-10-22,Timor-Leste,128.2
626,Mrs. Jennifer Mitchell MD,ksandoval@example.org,27,2023-12-15,Mozambique,241.18
627,Dana Burke,alaneverett@example.net,40,2025-06-01,Turks and Caicos Islands,120.88
628,Dr. James Washington,awang@example.org,37,2023-04-12,Luxembourg,94.97
629,Mary Berry,tammy77@example.org,29,2024-08-21,Sudan,186.57
630,David Bush,nathan17@example.net,55,2022-02-25,Netherlands,29.0
631,Jesse Foster,amber80@example.com,21,2021-10-10,Guam,185.8
632,Nicholas Rosario,cameronkaitlin@example.net,30,2024-08-01,Guam,150.56
633,Rebecca Cochran,warrenjoshua@example.org,44,2022-03-05,Northern Mariana Islands,31.62
634,Darren Snow,bestcarol@example.com,41,2021-05-24,Finland,222.79
635,Michael Harris,cynthia33@example.net,37,2023-05-14,Austria,39.32
636,Kenneth Jordan,martinlaura@example.com,68,2024-06-26,Gabon,52.15
637,Miss Bethany Zimmerman DDS,gwendolyn51@example.com,34,2020-10-25,Myanmar,158.79
638,Makayla Wong,dana05@example.com,52,2023-02-22,Mali,87.45
639,Anthony Lee,nicholas34@example.net,27,2024-04-18,Kyrgyz Republic,174.72
640,Samantha Phillips,ycarter@example.org,28,2020-11-01,Mauritius,5.83
641,Laurie Bailey,iknapp@example.com,18,2024-04-09,Tuvalu,33.16
642,Connie Mann,victoria79@example.net,38,2021-03-12,Vietnam,151.7
643,Kevin Long,castromelissa@example.org,60,2022-11-28,British Virgin Islands,9.38
644,Willie Rice,evanskenneth@example.org,42,2021-01-11,French Polynesia,143.42
645,Carrie Hill,ronald49@example.com,47,2024-09-23,Niue,29.95
646,Dawn Alvarez DVM,murrayerika@example.net,52,2024-11-27,Canada,98.86
647,Tammy Taylor,johnsonbilly@example.com,42,2024-10-25,San Marino,25.39
648,Corey Rogers,steven20@example.org,42,2024-12-21,Portugal,21.35
649,William Gonzalez,ortizphillip@example.org,46,2023-03-17,Kuwait,145.61
650,Dr. Roberto Woods,lhernandez@example.com,50,2023-06-04,Reunion,9.78
651,Brandon Blackwell,ogolden@example.org,63,2023-09-08,Moldova,50.69
652,Kevin Hanna,thomashunter@example.org,25,2024-07-15,Taiwan,93.21
653,Eric Velazquez,cobbemily@example.net,32,2023-07-12,Taiwan,87.98
654,Mr. Stephen Hall,mckinneymark@example.net,46,2020-12-07,Christmas Island,240.72
655,Billy Palmer,margaret58@example.com,69,2024-01-13,Holy See (Vatican City State),63.41
656,James Walker,trevor83@example.com,44,2022-10-15,Tajikistan,108.31
657,Jonathan Lopez,stephanie65@example.net,56,2025-02-11,Haiti,177.03
658,Michael Martinez,matthew98@example.com,63,2020-10-30,Egypt,178.07
659,Heather Garrett,yhunt@example.org,27,2022-08-16,Holy See (Vatican City State),2.04
660,Andrea Anderson,ericandrade@example.com,33,2022-06-06,Ecuador,41.53
661,Lisa Hernandez,odonnellchristine@example.com,35,2023-11-21,El Salvador,47.59
662,Todd Martinez,rebecca07@example.org,68,2021-06-23,Singapore,69.57
663,Sara Brown,matthewkelly@example.com,18,2024-02-28,Saint Lucia,134.31
664,Elizabeth Carlson,emilymendoza@example.com,46,2025-07-04,Antarctica (the territory South of 60 deg S),2.48
665,Laura Sampson,jimmyedwards@example.net,52,2021-12-12,Uruguay,73.17
666,Richard Johnson,iadams@example.net,47,2024-05-27,French Southern Territories,123.78
667,Eric Myers,christinejames@example.org,32,2021-04-03,Heard Island and McDonald Islands,18.91
668,Christopher Luna,smithkathy@example.org,38,2024-12-13,France,51.71
669,Zachary Lutz,megantodd@example.org,67,2023-08-22,Uzbekistan,3.09
670,Kyle Mendoza,melissa02@example.org,34,2025-04-10,Oman,58.04
671,Ashley Hoover,lsalas@example.com,44,2022-07-03,Tunisia,208.46
672,Anne Ferguson,vmason@example.com,30,2022-06-29,Cyprus,225.89
673,Diane Carter,richardrose@example.org,23,2025-03-15,Madagascar,312.31
674,Anthony Hill,duketeresa@example.net,41,2021-11-16,Poland,36.41
675,Sharon Schneider,jonathan82@example.com,29,2022-01-06,Antigua and Barbuda,203.03
676,Jennifer Ashley,lisagibson@example.com,35,2022-07-14,Antigua and Barbuda,67.31
677,Bailey Lara,carrie81@example.org,33,2023-01-23,Oman,370.74
678,Joseph Sullivan,jodicurry@example.com,24,2020-09-28,Brazil,152.97
679,Jamie Morales,jeffrey37@example.org,46,2020-11-13,Lebanon,121.12
680,Rachael Todd,james44@example.net,43,2024-05-10,Canada,175.16
681,Nancy Wilkinson,mendozastephen@example.com,27,2024-02-29,Uzbekistan,41.61
682,Katie Stanton,jenniferrobinson@example.net,43,2024-08-02,Djibouti,5.08
683,Holly Green,amanda17@example.org,47,2024-09-11,Heard Island and McDonald Islands,34.69
684,Robert Garcia,fordmatthew@example.net,41,2024-08-23,South Africa,43.27
685,Jason Miller,mgray@example.org,61,2022-03-25,Botswana,0.52
686,Christine Kelly,njackson@example.org,28,2023-12-12,Guinea-Bissau,225.12
687,Henry Combs,john42@example.org,19,2021-03-31,Luxembourg,149.59
688,Jeffery Jennings,david29@example.com,30,2022-04-29,Pakistan,211.07
689,Thomas Horne,knighttony@example.com,19,2021-01-04,Luxembourg,46.34
690,Timothy Bray,hmahoney@example.net,68,2025-04-13,Lao People's Democratic Republic,161.44
691,Ryan King,lamjessica@example.net,37,2025-06-01,El Salvador,55.82
692,Carolyn Roth,heathergraves@example.org,60,2024-10-11,Slovakia (Slovak Republic),37.69
693,Kevin Bell,knoble@example.com,65,2024-05-01,Mozambique,3.1
694,Melissa Morgan,kimberlyrobinson@example.org,39,2021-07-21,Saint Kitts and Nevis,75.59
695,Sean Warner,mcmillanmicheal@example.org,48,2022-10-26,Niue,56.81
696,Jack Ortiz,harperfelicia@example.com,28,2023-07-03,Saint Kitts and Nevis,40.75
697,Joshua Miller,nnguyen@example.net,62,2020-09-05,Ukraine,88.27
698,Vincent Martinez,xhernandez@example.net,27,2023-10-14,Algeria,33.73
699,Christy Sanders,canderson@example.com,41,2022-03-16,Bulgaria,173.85
700,Sara Jones,ingramdevin@example.com,53,2021-11-21,Kazakhstan,183.21
701,Mark Gonzalez,ilee@example.net,49,2024-12-22,Hong Kong,74.97
702,Johnathan Barrera,danielbenson@example.org,36,2022-08-17,Ethiopia,92.7
703,Mary Smith,emily53@example.net,67,2023-01-19,Papua New Guinea,25.75
704,Jason Flores,fadams@example.org,23,2022-03-06,Bangladesh,12.52
705,Mark Collins,pfields@example.org,23,2024-03-07,Chile,125.07
706,Lisa Daniels,millermelissa@example.com,48,2023-04-05,Austria,15.33
707,Brenda Rodriguez,nancy08@example.org,43,2024-04-30,Nicaragua,158.98
708,Alicia Thompson,johnsonmark@example.com,56,2021-08-12,France,50.35
709,Lydia Smith,chadsalazar@example.com,41,2021-09-24,Sweden,42.53
710,Christopher Reyes,tamara89@example.com,29,2022-05-31,Martinique,121.26
711,James Jenkins,blopez@example.net,59,2022-05-23,Mayotte,82.2
712,Taylor Stewart,hannahhickman@example.org,27,2023-06-06,Christmas Island,44.85
713,Katherine Rowland,newtonsarah@example.com,27,2021-07-29,Korea,123.79
714,Amy Johnson,wdavis@example.org,22,2024-04-18,Chile,64.23
715,Anthony Reynolds,howard69@example.com,32,2021-12-19,Faroe Islands,8.06
716,Ricky Mays,reedcynthia@example.org,37,2021-09-12,Cuba,152.44
717,Debbie Johnson,amy99@example.com,40,2020-10-14,American Samoa,52.06
718,Ryan Carter,mitchelldawn@example.org,32,2022-03-06,Bolivia,41.48
719,Lisa Harvey,donald99@example.org,34,2022-10-01,Sweden,40.97
720,Donald Castillo,zsanders@example.net,29,2024-11-18,Vanuatu,7.71
721,Mallory Shaffer,brookefreeman@example.net,58,2024-06-11,Maldives,116.48
722,Carrie Fernandez,dalton41@example.net,22,2025-07-04,Montserrat,11.64
723,Patrick Robertson,martinezmeghan@example.net,26,2025-07-03,Eritrea,284.3
724,Justin Horton,ysmall@example.net,51,2022-09-24,Sweden,96.47
725,James Clark,bfarmer@example.org,27,2020-09-20,Estonia,96.37
726,Todd Wilson,twiggins@example.org,67,2025-08-02,Morocco,119.5
727,Brian Peterson,freemanbradley@example.org,50,2022-02-11,Malaysia,114.05
728,Jane Henry,carol56@example.org,55,2021-01-16,Netherlands,71.2
729,David Murray,cooperamanda@example.org,37,2025-02-20,Bhutan,57.71
730,Patrick Bowen,shannon91@example.com,68,2023-12-05,Tajikistan,51.1
731,Angela Reese,richard75@example.net,59,2021-03-20,Bahrain,65.43
732,Melissa Ortiz,bbishop@example.org,58,2023-09-25,Afghanistan,63.39
733,Gregory Frost,lsimmons@example.net,20,2024-10-01,Jordan,43.61
734,Julia Clark,brandon65@example.org,42,2024-09-06,Morocco,30.14
735,Linda Page,oliverlinda@example.org,25,2024-01-04,Korea,71.76
736,Hannah Frazier,breanna24@example.org,65,2024-03-24,Cameroon,8.65
737,Keith Ryan,qjackson@example.com,43,2023-03-10,Sweden,222.55
738,Andrea Krueger,joneslisa@example.net,62,2022-01-21,Nepal,30.06
739,Rachel Thomas,wcox@example.net,65,2024-09-11,Jamaica,17.23
740,Rachel Perry,curtis22@example.net,38,2022-12-15,Macao,85.69
741,Michael Nguyen,eklein@example.net,18,2024-10-01,French Polynesia,525.92
742,Matthew Hopkins,barbara69@example.com,69,2021-02-17,Norway,89.52
743,Andrea Scott,ryangonzalez@example.net,42,2024-01-25,Iran,2.11
744,Lisa Garcia,davislori@example.org,18,2021-07-30,United Arab Emirates,120.69
745,Ronnie Morgan,taylorvance@example.com,51,2020-10-19,Bouvet Island (Bouvetoya),109.63
746,Lauren Garcia,michellewright@example.net,55,2024-08-18,Israel,81.42
747,John Graves,loganmann@example.com,25,2025-01-21,Uganda,99.24
748,Timothy Ortiz,erica41@example.net,55,2024-03-20,Montserrat,44.98
749,Melissa Scott,bwade@example.net,41,2025-05-08,Liberia,299.62
750,William Bryant,kbrown@example.org,69,2021-02-08,Guinea,42.91
751,Rodney Cox,anitadavis@example.com,28,2023-11-20,Ecuador,258.86
752,Sabrina Humphrey,davidcox@example.net,41,2022-02-03,Moldova,171.22
753,Suzanne Garcia,thompsonjohn@example.net,22,2020-11-04,Burundi,282.56
754,Bradley Pratt,johncortez@example.org,56,2022-01-13,Macao,152.94
755,Caleb Christensen,angelwilliams@example.com,23,2023-09-12,Montenegro,99.75
756,Evelyn Gonzalez,steven94@example.net,29,2021-09-28,Singapore,309.1
757,Christina Cochran,parker93@example.net,28,2022-02-22,Finland,246.99
758,Frank Smith,cookbrian@example.org,46,2023-04-09,Reunion,105.41
759,Elizabeth Martin,umitchell@example.com,44,2023-10-28,Tunisia,122.67
760,Rachel Dean,rcolon@example.org,39,2020-09-29,Zimbabwe,65.29
761,Melissa Riggs,nancy53@example.net,28,2021-06-23,Martinique,30.43
762,Michelle Haynes,williamsonjoshua@example.com,53,2021-08-30,Malta,91.77
763,Christopher Thornton,jake86@example.com,62,2021-10-07,Togo,107.79
764,Lisa Adkins,james63@example.com,38,2020-10-06,Bangladesh,28.26
765,Michelle Lopez,itaylor@example.com,59,2024-07-06,Benin,186.21
766,Michael Williams,dana61@example.net,65,2022-01-15,Nepal,143.7
767,Eric Smith,millerstefanie@example.com,38,2025-04-17,Cambodia,19.62
768,Michael Mendoza,elizabethgraves@example.net,19,2023-05-04,Sweden,43.06
769,Lisa Harris,cannonalicia@example.org,51,2021-01-13,Georgia,100.72
770,John Valdez,caldwelljacqueline@example.net,45,2024-12-01,Finland,21.45
771,Miguel Thornton,theresacarr@example.com,30,2023-04-15,Tunisia,93.66
772,Amber Blair,hebertjustin@example.net,20,2023-09-20,Gambia,447.24
773,Arthur York,kathycampbell@example.org,29,2023-06-18,Dominica,63.02
774,Jeffery Mcbride,jennifer23@example.com,28,2022-02-18,Peru,71.92
775,Mrs. Allison Rodriguez,swoods@example.org,45,2024-04-30,Martinique,34.56
776,Sandra Brooks,brownthomas@example.com,20,2021-04-09,Sao Tome and Principe,270.27
777,Cynthia Weaver,linda99@example.com,36,2023-12-22,Cayman Islands,148.69
778,Joann Levine,mwalker@example.net,18,2021-11-03,Isle of Man,14.06
779,Scott Moore,craig89@example.org,66,2022-11-26,Gibraltar,59.66
780,Barry Rivera,danielwalsh@example.org,61,2023-09-05,Saudi Arabia,51.77
781,Todd Pierce,myersveronica@example.net,25,2021-06-25,Saint Vincent and the Grenadines,45.16
782,Andrew Hart,wallnicolas@example.org,66,2022-02-21,Saint Helena,88.06
783,Eric Dennis,francisco98@example.com,33,2021-08-09,Benin,14.93
784,Patricia Lopez,awhite@example.com,24,2024-03-16,Suriname,234.58
785,Erik Davis,gerald35@example.org,54,2020-12-07,Jersey,88.96
786,Gerald Moore,osalinas@example.org,45,2024-03-25,Marshall Islands,111.29
787,Michael Bryant,waresteve@example.org,61,2020-08-30,Rwanda,105.81
788,Connie Peterson,yglover@example.net,39,2023-11-11,Saint Martin,184.3
789,Stephanie Ingram,jackswanson@example.net,18,2021-08-02,Lesotho,12.34
790,Jessica Alvarez,byrdmitchell@example.org,20,2021-11-26,Madagascar,47.09
791,Brandon Harmon,monicaball@example.org,24,2024-09-10,Saint Lucia,7.67
792,Bryan Lane,etaylor@example.org,28,2022-06-13,Iran,130.17
793,Valerie Salazar,craigmurphy@example.org,48,2022-09-25,Syrian Arab Republic,64.81
794,Luke Savage,wilcoxdavid@example.net,38,2022-05-17,Luxembourg,58.16
795,Hannah Michael,mccarthydavid@example.org,66,2021-08-30,Russian Federation,160.85
796,Leslie Patel,amanning@example.org,55,2023-07-26,Ireland,17.56
797,Richard Diaz,matthewsstephen@example.net,57,2022-05-03,Romania,160.99
798,Stephen Boyd,swilson@example.net,66,2021-02-04,Holy See (Vatican City State),112.65
799,Joel Crawford,joshua18@example.net,44,2022-12-22,El Salvador,224.79
800,Rachael Guerrero,scottmitchell@example.com,60,2025-04-07,Solomon Islands,91.7
801,Theresa Dodson,stephaniearellano@example.org,57,2020-08-31,Heard Island and McDonald Islands,62.27
802,Aaron Myers,twilkins@example.net,62,2023-06-26,Turks and Caicos Islands,285.59
803,Timothy Tyler,bdavis@example.org,22,2021-07-19,Venezuela,6.16
804,Eric Moore,morrisronald@example.net,24,2021-04-21,Brazil,95.23
805,Lauren Hudson,donaldjohnson@example.com,45,2023-03-20,Hong Kong,24.89
806,Janet Jensen,beltranmary@example.com,59,2020-12-04,Heard Island and McDonald Islands,45.62
807,Patricia Holt,qthomas@example.net,51,2022-03-13,Kazakhstan,18.64
808,Brian Ayala,imoore@example.com,68,2023-05-25,Equatorial Guinea,112.27
809,Elizabeth Davis,smithcurtis@example.com,42,2022-12-29,Bulgaria,151.85
810,Sarah Strong,martindyer@example.org,51,2024-11-27,Solomon Islands,106.1
811,Bruce Hansen,danielcompton@example.org,61,2021-11-21,Australia,37.8
812,Shannon Davis,khogan@example.org,36,2024-08-26,Montserrat,8.17
813,Michael Jackson,lisadavis@example.com,32,2023-06-16,Norfolk Island,248.84
814,Jeffery Acevedo,robert54@example.com,39,2021-12-05,Monaco,38.23
815,Mr. Timothy Martin III,chavezlindsay@example.com,38,2020-08-28,Benin,357.14
816,Diane Fischer,wrightkendra@example.com,29,2021-05-09,Greenland,5.88
817,Matthew Davis,littleapril@example.com,32,2023-02-04,Saint Lucia,2.73
818,Madison Gray,aolson@example.com,46,2025-05-01,Burundi,57.65
819,Jessica Martin,snyderdeborah@example.net,56,2025-08-03,Turkey,239.14
820,Kelly Reed,rogerskeith@example.com,51,2022-10-09,Italy,65.69
821,Justin Daniels,cartercurtis@example.net,25,2021-02-22,Mexico,30.3
822,Robert Hull,butlerkayla@example.org,52,2022-12-28,Spain,71.29
823,Kenneth Rodriguez,ehoward@example.net,41,2023-09-15,Netherlands,16.21
824,Dawn Ramirez,vicki96@example.com,67,2022-06-12,Tuvalu,220.56
825,Casey Hall,vmassey@example.org,65,2024-09-14,Madagascar,164.55
826,Heather Crane,rritter@example.net,44,2023-03-14,Papua New Guinea,86.78
827,Larry Walker,fcooke@example.org,48,2023-01-06,Zambia,211.16
828,Jeffrey Fisher,anna24@example.org,59,2024-12-11,Moldova,162.54
829,Zachary Reyes,halerobert@example.com,18,2024-10-24,Albania,5.49
830,Maria Campos,robert62@example.net,32,2021-10-28,Vietnam,283.21
831,Pamela Jones,karenmiller@example.com,46,2024-07-03,Tunisia,56.28
832,Tracy Wright,wilkinslindsey@example.com,69,2023-01-07,Denmark,67.86
833,Benjamin Goodman,richbenjamin@example.net,35,2023-06-05,Jamaica,22.28
834,Catherine Brown,belldawn@example.org,60,2022-11-29,Heard Island and McDonald Islands,124.28
835,Andrew Green,fosterhelen@example.net,41,2020-12-27,Kuwait,61.89
836,Kimberly Ball,jennifer05@example.org,26,2021-09-30,New Zealand,125.18
837,Theresa Hernandez,melissa31@example.com,25,2020-11-21,Reunion,43.02
838,Michelle Williams,henry79@example.com,34,2021-01-24,Heard Island and McDonald Islands,49.38
839,Claire Taylor DDS,brian48@example.com,18,2025-07-24,Cook Islands,18.91
840,Daniel Foley,hmcneil@example.net,47,2023-01-17,Dominican Republic,67.01
841,Harry Ramirez,melvinbates@example.net,64,2024-02-10,Antigua and Barbuda,118.15
842,Dawn Jackson,ssmith@example.com,67,2024-07-15,Equatorial Guinea,17.49
843,Mary Moore,debra59@example.org,59,2021-08-09,Comoros,14.06
844,Keith Garcia,perrygeorge@example.com,32,2024-12-18,Madagascar,79.59
845,Meghan Ferguson,bgreen@example.com,68,2022-07-15,Poland,95.45
846,Christopher Roth,dhernandez@example.org,37,2021-11-17,Malta,155.48
847,Stephanie Gardner,janetduke@example.org,31,2024-02-27,Malaysia,80.16
848,Deborah Roman,emmarodriguez@example.org,50,2023-07-15,Taiwan,101.84
849,Dwayne Yoder,zachary51@example.net,64,2025-02-02,Christmas Island,44.83
850,William Hunt,rpatel@example.org,69,2022-11-01,Micronesia,176.96
851,Megan Ponce,kennethbooth@example.org,21,2021-04-05,Haiti,46.44
852,Paul Valdez,dylan46@example.org,51,2021-07-04,Bangladesh,138.86
853,Steven Garrison,nhayes@example.net,66,2024-05-11,Bangladesh,46.64
854,Melissa Nelson,freemannicole@example.org,22,2023-07-18,Holy See (Vatican City State),83.36
855,Michael Anderson,brandon06@example.org,65,2024-01-03,Egypt,64.71
856,Joshua Johnson,scottamber@example.org,29,2025-06-17,Nauru,77.07
857,Daniel Guzman,serranoashley@example.com,62,2025-03-22,Colombia,78.54
858,Cheryl Miranda,thompsonemily@example.org,34,2021-05-13,Morocco,24.8
859,Kelly Mckay,pwheeler@example.org,59,2021-06-19,Austria,72.05
860,Nancy Holt,crivera@example.net,39,2024-03-02,Switzerland,29.52
861,Jordan Martin,scotttanner@example.com,34,2023-11-12,France,2.52
862,Gerald Santiago,mendozaelizabeth@example.com,69,2020-12-24,Madagascar,163.01
863,Lisa Berry,dylanmolina@example.com,23,2020-12-17,British Virgin Islands,1.8
864,Christina Bailey,samanthaavila@example.net,36,2021-07-10,Seychelles,35.05
865,Amy Baxter,joseph37@example.org,26,2024-03-22,Ukraine,236.29
866,James Conley,duane40@example.org,46,2022-05-07,Armenia,45.67
867,Danielle Williams,brooksjames@example.org,44,2025-08-05,Dominican Republic,13.52
868,Matthew Lewis,mhernandez@example.net,28,2023-01-24,Brunei Darussalam,4.15
869,Elizabeth Garcia,fharper@example.net,36,2024-03-25,Ecuador,164.17
870,Scott Wilson,luketaylor@example.net,64,2022-03-13,Norfolk Island,79.74
871,Ray Martin,jcook@example.net,52,2020-08-23,Korea,1.92
872,April Jones,noblemichael@example.net,40,2023-02-12,Lesotho,29.91
873,Dawn Lee,emorgan@example.net,63,2022-06-20,Maldives,237.07
874,Sarah Matthews,james31@example.com,64,2021-01-27,United Kingdom,88.91
875,Shane Larson,brian40@example.org,29,2023-10-22,Greenland,122.41
876,Julie Weaver,thomas57@example.com,39,2024-06-20,Bouvet Island (Bouvetoya),50.6
877,Randall Flores,raymondrogers@example.com,62,2023-02-14,Reunion,184.28
878,William Hale Jr.,nathan74@example.org,53,2021-09-14,Mayotte,83.33
879,James Taylor,johnathancampbell@example.net,61,2021-08-08,China,832.69
880,Sarah Sanders,julie68@example.net,65,2022-01-09,Central African Republic,5.45
881,Laura Murphy,jillhoward@example.org,38,2024-08-31,Latvia,246.82
882,Courtney Thomas,willie07@example.net,67,2020-12-04,Pakistan,145.53
883,Sandra Grant,jeremywilliams@example.org,23,2024-03-16,Iceland,83.68
884,Felicia Ryan,vunderwood@example.com,25,2021-07-30,Latvia,130.95
885,Brett Smith,kwilliams@example.com,49,2022-04-30,Congo,33.81
886,Karen Morris,vicki58@example.org,58,2024-04-28,Congo,61.86
887,Christopher Walter,kim76@example.net,18,2023-10-07,Maldives,138.94
888,Eric Watts,tchoi@example.net,39,2024-07-05,Congo,9.28
889,Bonnie Brown,taylor49@example.org,52,2022-05-15,Guadeloupe,30.91
890,Noah Bridges,paul99@example.com,35,2020-10-19,Kiribati,154.21
891,Lauren Harris,shieldspatricia@example.net,19,2021-05-25,North Macedonia,12.15
892,Kenneth Peterson,lauren79@example.org,57,2025-03-25,Sri Lanka,95.34
893,Megan Smith,clineanne@example.net,30,2022-02-14,Portugal,32.85
894,Daniel Bean,amanda22@example.net,41,2022-09-04,French Guiana,26.97
895,Ian Allen,norriskelly@example.org,63,2022-08-09,San Marino,79.45
896,Elizabeth Lane,christinefrey@example.net,68,2022-03-17,Grenada,3.16
897,Stephanie Sanchez,imays@example.org,26,2022-04-08,Korea,31.32
898,Gerald Reyes,jonathan33@example.com,66,2020-12-25,Guinea,73.55
899,Phyllis Newman,fowlerkevin@example.org,68,2021-02-11,Saint Kitts and Nevis,65.58
900,Phillip Holmes,taylorfoster@example.org,69,2024-09-27,Angola,37.5
901,Stacy Bolton,lnash@example.com,33,2025-04-12,Saudi Arabia,61.85
902,Jordan Schroeder,donaldcampbell@example.com,39,2024-10-08,Czech Republic,195.27
903,Ryan Hill,daniel03@example.org,61,2021-02-18,Tuvalu,67.13
904,Raymond Romero,christinepierce@example.org,36,2022-01-06,Gabon,127.3
905,Lisa Clark,doylejohn@example.net,26,2020-09-25,North Macedonia,446.89
906,Christine Sanchez MD,andersonelizabeth@example.net,28,2024-12-22,Cayman Islands,239.18
907,Nathaniel Melton,marybutler@example.org,42,2021-11-02,United States of America,47.49
908,Erik Anderson,kristinewilliamson@example.com,24,2021-06-16,New Zealand,60.26
909,Angela Wade,kevin03@example.org,20,2022-08-19,Kiribati,78.86
910,Shawn Ellis,lharrell@example.com,39,2023-07-28,Panama,14.48
911,Vincent Powers,gibsonbrooke@example.org,62,2021-10-22,Portugal,94.28
912,Matthew Rodriguez,melanieferguson@example.com,62,2024-11-27,Maldives,122.21
913,Cheyenne Jones,josephhoward@example.net,39,2025-02-20,Turks and Caicos Islands,145.99
914,Thomas Williams,lisajacobs@example.net,27,2023-09-05,Saudi Arabia,103.85
915,Dylan Mckenzie,robert58@example.net,35,2025-06-28,Croatia,210.76
916,Rose Lopez,kayla38@example.net,35,2022-05-15,Greece,7.62
917,Joel Ellis,clayjerry@example.com,44,2025-01-13,Antigua and Barbuda,4.66
918,Julie Goodwin,jonathan26@example.com,21,2022-02-01,Jordan,37.11
919,John Holt,cnorris@example.net,52,2025-07-10,Switzerland,204.87
920,Christopher Castro,vwalker@example.net,56,2024-05-03,Greenland,147.74
921,Keith Sanders,johnsonjoseph@example.org,23,2023-05-24,Falkland Islands (Malvinas),100.68
922,Nicole Bowman,susananderson@example.com,19,2020-11-18,Croatia,99.94
923,Robert Weaver,burchjohn@example.net,25,2024-02-10,Gambia,35.48
924,Kimberly Nichols,laura37@example.com,37,2021-01-27,Belarus,40.72
925,Charles Conway,kylecarlson@example.com,63,2025-06-23,Guam,14.49
926,Shelby Allen,cthornton@example.com,21,2023-03-09,Saint Helena,4.9
927,Sandra Lynch,michael10@example.org,29,2024-07-15,Mayotte,90.88
928,Dana Goodman,rivastonya@example.com,25,2024-12-28,Nepal,142.17
929,Karen Morgan,petersnoah@example.net,21,2024-01-18,French Polynesia,361.98
930,Brittany Manning,nwright@example.net,50,2024-10-17,Jamaica,100.49
931,Martin Ramirez,harrishannah@example.com,41,2021-03-22,Uruguay,99.8
932,Yvonne Mcdonald,fsutton@example.com,36,2023-07-13,Sierra Leone,12.96
933,Michael Johnson,jcruz@example.net,65,2021-12-15,Tajikistan,100.23
934,Eric Jones,tpadilla@example.com,57,2023-06-03,Cocos (Keeling) Islands,45.43
935,Vicki Rivera,bjefferson@example.net,36,2020-10-04,Guinea,61.47
936,Betty Wilson,watsonmatthew@example.net,40,2024-02-07,Belgium,758.37
937,Mary Williams,garyarmstrong@example.com,49,2023-03-02,Zambia,22.72
938,Anthony King,smithamanda@example.com,37,2022-05-06,Malta,60.73
939,Samuel Wright,escobardonna@example.com,35,2024-02-09,Macao,11.6
940,Mrs. Angela Brown,nicoleschneider@example.com,63,2024-05-27,Egypt,31.27
941,Teresa James,russosherri@example.net,21,2024-10-08,Macao,115.2
942,Gary Bryan,debbiedowns@example.com,37,2024-04-10,Guernsey,19.34
943,Angela Thomas,uholmes@example.net,58,2024-05-03,Luxembourg,158.52
944,Jennifer Smith,grantbryan@example.com,31,2024-12-11,Pakistan,97.78
945,Amy Wood,santanajeremy@example.net,38,2021-06-25,Poland,416.57
946,Brenda Hunter,jeanne54@example.net,47,2023-02-10,Bahrain,35.47
947,Christopher Stewart,stephanie61@example.org,42,2023-02-10,Canada,111.26
948,Nicole Scott,lawsonmichael@example.com,25,2023-11-28,Chile,67.51
949,Sarah Anderson,russell88@example.com,29,2023-05-01,Dominica,44.57
950,April Moran,shale@example.org,30,2023-07-06,Bangladesh,78.6
951,Cynthia Flores,jacksonalicia@example.net,27,2024-12-20,Venezuela,30.27
952,James Martin,jacquelineharris@example.net,25,2023-10-14,El Salvador,13.02
953,Todd Johnson,smithcameron@example.com,25,2020-10-04,Cape Verde,218.47
954,Angela Huff,dylan12@example.org,24,2020-10-08,Kenya,76.14
955,Eric Jordan,gloverkathleen@example.com,43,2022-08-27,Mozambique,53.86
956,Deborah Vincent,matthewcarter@example.net,30,2024-05-07,French Polynesia,104.42
957,Alexander Mathews,michael77@example.net,62,2024-10-08,Bulgaria,30.16
958,Brittany Garner,mcclurenichole@example.net,59,2022-06-05,Netherlands Antilles,349.25
959,Garrett Johnson,michelle23@example.net,36,2021-12-10,Paraguay,16.28
960,Juan Sweeney,lmorris@example.org,41,2023-02-06,Canada,30.11
961,Joseph Johnson,garciahoward@example.net,58,2021-03-06,American Samoa,41.66
962,Amy Baker,tiffanygutierrez@example.org,60,2024-10-16,Grenada,52.22
963,Monica Mcdaniel,qcarson@example.org,47,2021-05-09,Zambia,144.97
964,Elizabeth Jenkins,howarderin@example.net,33,2022-03-20,Ecuador,185.33
965,Anthony Moore,halecameron@example.net,62,2024-06-22,Moldova,206.26
966,Autumn Spencer,fzimmerman@example.com,69,2023-10-13,Maldives,45.89
967,Mary Johnson,haleomar@example.org,47,2024-07-06,Zambia,63.64
968,Martin Williams,francis36@example.net,35,2021-12-19,Samoa,21.12
969,Kimberly Farmer,tdixon@example.com,67,2024-05-07,Lithuania,48.68
970,Christopher Tanner,bellalison@example.net,38,2023-09-16,Madagascar,72.19
971,Brittany Brewer,gcarroll@example.org,22,2022-10-20,Solomon Islands,38.74
972,Nicole Wells,gjohnson@example.org,31,2024-07-13,Mongolia,77.52
973,Richard Smith,beasleysherri@example.net,51,2022-05-24,Central African Republic,201.06
974,Luke Taylor,ericabrock@example.net,24,2025-01-25,Turkey,5.15
975,Donna Schaefer,steven44@example.com,63,2023-07-30,Lesotho,71.21
976,Julie Lewis,oscardominguez@example.com,26,2023-05-25,Greenland,41.15
977,Andre Garza,heatherramirez@example.com,27,2025-07-04,French Southern Territories,84.59
978,Crystal Morgan,richardnelson@example.org,32,2022-12-29,Angola,255.62
979,Bernard Collier,michael89@example.org,29,2025-02-19,French Guiana,6.21
980,Stephen Lee,colemankim@example.com,69,2021-03-22,Costa Rica,46.46
981,Anthony Richardson,timothyleblanc@example.com,19,2021-10-04,Solomon Islands,38.39
982,Gerald Alexander,fergusoncole@example.org,26,2024-08-29,Italy,207.25
983,Maria Thompson,patrickhernandez@example.org,45,2023-05-20,Hungary,74.57
984,Kelly Chase,tracyryan@example.org,46,2020-12-26,Germany,209.92
985,William Moreno,bwilson@example.net,39,2020-10-24,Uruguay,7.5
986,Jennifer Flores,john13@example.org,40,2021-08-14,Austria,74.84
987,Nicole Rodriguez,hperry@example.com,67,2021-01-17,Croatia,107.67
988,Crystal Brown,ltravis@example.org,64,2025-06-18,Ethiopia,37.8
989,Greg Garcia,pmontgomery@example.org,60,2023-02-12,Heard Island and McDonald Islands,79.83
990,Tammy Austin,mathewsanthony@example.org,60,2024-04-04,Honduras,16.43
991,Rodney Mata,christopher01@example.net,34,2021-03-03,Serbia,37.48
992,Tyler Mendez,riversandrew@example.org,29,2025-05-15,Zambia,740.83
993,Maxwell Good,andre05@example.net,53,2022-08-08,Antigua and Barbuda,55.96
994,Paul Harvey,joannasimon@example.com,59,2021-02-01,Cote d'Ivoire,163.93
995,David Harris,johnathangonzalez@example.org,54,2023-01-26,Martinique,121.62
996,Jane Kline,mistygeorge@example.net,33,2025-06-13,Cook Islands,140.85
997,Stephen Leon,lambertaudrey@example.net,57,2025-06-19,Brunei Darussalam,6.36
998,Dr. Katrina Oneal MD,hwalker@example.org,57,2022-08-17,Montenegro,88.67
999,Melissa Keith,bhansen@example.org,34,2023-01-16,Wallis and Futuna,349.44
1000,Antonio Lowe,dannybrooks@example.com,30,2020-08-26,Georgia,178.81
